Brand,Model,Status,Price tier,Best for,Sensor layout,Measurements,Wind method,Rain method,Update cadence,Radio range,Display,Connectivity,Expandability,Lightning,UV / solar,Key strength,Key limitation,Review URL,Evidence last reviewed
Ambient Weather,WS-2000,Current,Midrange,Best all-around balance when the local console and expansion ecosystem will be used,Integrated outdoor array; separate indoor temperature/humidity/pressure sensor,"Outdoor temperature/humidity, wind speed/direction, rain, UV, solar radiation; indoor temperature/humidity/pressure",Mechanical cups and vane,Tipping collector,16 seconds for the shared outdoor array,Up to 300 ft line of sight; about 100 ft in typical obstructed conditions,"Premium TFT color console with calibration, alarms, history, and SD-card functions",2.4 GHz Wi-Fi; Ambient Weather Network and supported third-party services,Broad model-specific environmental sensor ecosystem,Optional compatible sensor,Both included,"Excellent console, separate indoor sensor, mature connected platform, broad expansion",All outdoor measurements share one site; slower update cadence than premium ultrasonic/Davis systems,https://wxobservation.com/ambient-weather-ws-2000-review/,2026-08-08
Ambient Weather,WS-2902,Current,Value,Best value for complete core backyard observations with Wi-Fi,Integrated outdoor array; indoor conditions measured at the console,"Outdoor temperature/humidity, wind speed/direction, rain, UV, solar radiation; indoor temperature/humidity/pressure",Mechanical cups and vane,Tipping collector,16 seconds for core outdoor observations,Revision-dependent open-air rating; verify the current manual for the exact bundle,Compact color-film LCD; information-rich but viewing-angle sensitive,Built-in Wi-Fi; Ambient Weather Network and supported third-party services,More limited and revision-sensitive than WS-2000/WS-5000,Not included,Both included,Complete core sensor set and connected dashboard at a strong price,"Modest console, console-based indoor sensing, and less expansion certainty",https://wxobservation.com/ambient-weather-ws-2902-review/,2026-08-08
Ambient Weather,WS-5000,Current,High premium,Premium home monitoring where separate wind and rain placement will be used,"Separate ultrasonic wind/outdoor temperature array, rain gauge, and indoor sensor","Outdoor temperature/humidity, ultrasonic wind, tipping-bucket rain, UV, solar radiation; indoor temperature/humidity/pressure",Ultrasonic,Separate WH40 tipping-bucket gauge,About 4.9 seconds for outdoor observations,"Up to 1,000 ft line of sight; typically up to about 300 ft in real conditions",Premium TFT color console,2.4 GHz Wi-Fi; Ambient Weather Network and supported third-party services,Deep model-specific sensor ecosystem,Optional compatible sensor,Both included,"Fast wind, flexible placement, excellent console, strong ecosystem",Expensive; value falls sharply if the separated architecture is not used,https://wxobservation.com/ambient-weather-ws-5000-review/,2026-08-08
Ambient Weather,WS-4000,Current,Premium,"Compact premium hardware with ultrasonic wind, haptic rain, and a strong local console",Integrated ultrasonic/haptic outdoor array; separate indoor sensor,"Outdoor temperature/humidity, ultrasonic wind, haptic rain, UV, solar radiation; indoor temperature/humidity/pressure",Ultrasonic,Haptic/piezoelectric impact sensing,4.9 seconds for the outdoor array,"Up to 1,000 ft open air; about 300 ft under typical conditions",Premium TFT color console,2.4 GHz Wi-Fi; Ambient Weather Network and supported third-party services,Broad model-specific environmental sensor ecosystem,Optional compatible sensor,Both included,"Compact no-moving-parts wind/rain hardware, fast updates, premium console",Haptic rainfall requires validation and mount rigidity; all outdoor measurements share one site,https://wxobservation.com/ambient-weather-ws-4000-review/,2026-08-08
Ambient Weather,WS-1965,Current,Budget,Lowest-cost entry to Ambient Weather Network with room to add targeted sensors,Integrated outdoor array; compact console,"Outdoor temperature/humidity, wind speed/direction, rain; indoor temperature/humidity/pressure; no native UV/solar",Mechanical cups and vane,Mechanical rain collector,16 seconds for the main outdoor array,Up to 300 ft line of sight,Very small basic console,2.4 GHz Wi-Fi to Ambient Weather Network,Unusually broad optional-sensor compatibility for the price,Optional compatible sensor,Neither included,Low-cost connected platform with strong future sensor options,Tiny console and reduced native measurement set,https://wxobservation.com/ambient-weather-ws-1965-review/,2026-08-08
WeatherFlow,Tempest,Current 2026 revision,Premium,"App-first households, smart-home integrations, irrigation, and minimal visual clutter",Single compact outdoor unit communicating through an included hub,"Temperature, humidity, pressure, ultrasonic wind, haptic rain, UV, brightness/solar exposure, lightning",Ultrasonic,Haptic impact sensing with local modeling/calibration,Rapid app-oriented reporting; consult the current technical documentation for measurement-specific cadence,Outdoor unit to hub; practical range depends on the site and hub placement,"No included indoor console; app, web, integrations, or third-party display","Hub uses 2.4 GHz Wi-Fi; strong app, API, irrigation, and smart-home integration story",Integration-focused rather than a broad add-on sensor family,Included,UV and brightness/solar exposure included,"Clean installation, excellent software/integrations, lightning, no mechanical wind/rain parts","No dedicated console, cloud-centered workflow, haptic rain, and integrated siting compromise",https://wxobservation.com/tempest-weather-station-review/,2026-08-08
Davis Instruments,Vantage Pro2 6252,Current,High premium,Serious long-term monitoring where independent wind placement and serviceability matter,Integrated temperature/rain assembly with separable cabled anemometer,"Outdoor temperature/humidity, rain, wind speed/direction; indoor temperature/humidity/pressure; optional specialized sensors",Mechanical cups and vane; separable from the main suite,Tipping collector,As fast as 2.5 seconds; varies by measurement,"Up to 1,000 ft / 300 m line of sight","WeatherLink Console with local dashboard, records, graphs, alarms, and forecasts",Wi-Fi and WeatherLink services,"Deep transmitter, repeater, solar/UV, agricultural, and WeatherLink ecosystem",Not included in the standard system,Optional specialized sensors; not standard,"Best siting flexibility, fast updates, long radio range, repairability, mature ecosystem",High cost and more complex installation; premium is wasted when everything is mounted together,https://wxobservation.com/davis-vantage-pro2-review/,2026-08-08
Davis Instruments,Vantage Vue 6242,Current,Premium,Durable compact premium station with fast updates and long radio range,Integrated outdoor sensor suite,"Outdoor temperature/humidity, wind speed/direction, rain; indoor temperature/humidity/pressure",Mechanical cups and vane,Tipping collector,Wind as fast as 2.5 seconds; temperature/humidity about 10 seconds,"Up to 1,000 ft / 300 m line of sight","WeatherLink HD console with records, graphs, alarms, and forecasts",Built-in Wi-Fi and WeatherLink Cloud,"Supports additional Davis transmitters, subject to exact compatibility",Not included,Neither included in the compact suite,"Rugged compact platform, fast wind, long range, mature ownership ecosystem","Premium price, integrated siting compromise, and shorter feature list than cheaper competitors",https://wxobservation.com/davis-vantage-vue-6250-review/,2026-08-08
AcuRite,Atlas,Current family,Midrange,Aspirated all-in-one sensing with UV/light and optional lightning at a middle-ground price,Integrated outdoor array with daytime aspirating fan,"Temperature, humidity, rain, wind speed/direction, UV, light intensity; optional lightning",Mechanical cups and vane,Tipping collector,Wind every 10 seconds; most other measurements every 30 seconds,Up to 330 ft / 100 m,Multiple display and direct-to-Wi-Fi bundle options,Bundle-dependent AcuRite display/app path,Replaceable consumer-level components and compatible accessories,Optional or commonly bundled detector,UV and light included,"Aspirated temperature sensing, published tolerances, UV/light, fast wind, replaceable parts","Integrated siting, bundle/app complexity, battery-powered array, and lightning interference caveats",https://wxobservation.com/acurite-atlas-review/,2026-08-08
AcuRite,Optimus,Current family,Midrange,Compact current AcuRite hardware with built-in lightning and the NOW platform,Compact integrated six-sensor outdoor array,"Temperature, humidity, rain, wind speed/direction, lightning",Mechanical cups and vane,Tipping collector,Wind/lightning 18 seconds; temperature/humidity/direction/rain 36 seconds,Up to 330 ft / 100 m,Three current display tiers; HD bundle is the strongest default,Current Wi-Fi displays and AcuRite NOW; some third-party sharing requires current plan verification,Replaceable modules; smaller external-sensor ecosystem than Ambient/Davis,Included,Neither included,"Compact aspirated hardware, built-in lightning, replaceable modules, limited lifetime warranty","Newer software ecosystem, slower updates, no UV/light, and subscription-related sharing caveats",https://wxobservation.com/acurite-optimus-review/,2026-08-08
AcuRite,Iris,Current family plus legacy bundle reference,Value,"Familiar local-display weather station with temperature, humidity, wind, and rain",Integrated five-in-one outdoor array,"Temperature, humidity, rain, wind speed/direction; pressure at display; no UV/light",Mechanical cups and vane,Self-emptying tipping collector,Bundle/revision dependent; verify the exact current sensor manual,Bundle/revision dependent; verify the exact current sensor manual,Many local-display and direct-to-Wi-Fi bundles,"Bundle-dependent; local, PC Connect legacy, or current direct-to-Wi-Fi paths","Compatible displays, parts, signal extender, and optional separate lightning sensor",Optional separate compatible detector,Neither included,"Large installed base, many bundle choices, replaceable parts, familiar local console experience","Model-number confusion, integrated siting compromise, and no UV/light",https://wxobservation.com/acurite-01512-pro-color-weather-station/,2026-08-08
AcuRite,Notos,Current family,Entry,"Simple local temperature, humidity, and wind-speed monitoring at the lowest cost",Integrated three-in-one outdoor sensor,"Outdoor temperature, humidity, and wind speed only",Mechanical wind-speed sensor; no wind direction,No rainfall measurement,18 seconds,Up to 330 ft / 100 m,Five current display styles; 00589 family is the best default,Local display; no built-in Wi-Fi in current standard bundles,Minimal,Not included,Neither included,"Simple, affordable, readable local monitoring","No rain, wind direction, phone access, or meaningful expansion",https://wxobservation.com/acurite-notos-review/,2026-08-08
La Crosse Technology,V42-PRO-INT,Current,Value,Display-first home monitoring with separate temperature/humidity placement,Combined wind/rain sensor plus separate outdoor temperature/humidity transmitter,"Outdoor temperature/humidity, wind speed/direction, rain; indoor conditions and forecast display",Mechanical cups and vane in the Cyclone array,Conventional physical collector in the Cyclone array,Wind/rain about 31 seconds; temperature/humidity about 51 seconds,Up to 400 ft open air,Clear forecast-forward color display,2.4 GHz Wi-Fi through display for La Crosse View,Limited compared with Ambient or Davis ecosystems,Not included,Neither included,Excellent household display and better temperature siting than a one-body array,"Slow updates, no UV/solar, limited open-platform support, and wind/rain remain combined",https://wxobservation.com/la-crosse-weather-station-review/,2026-08-08
Sainlogic,SA9 family,Current family; exact marketplace bundle must be verified,Budget,Feature-heavy large-console package at a controlled initial price,Integrated outdoor array; exact bundle varies,"Temperature, humidity, rain, wind speed/direction, UV, sunlight; pressure normally at console",Mechanical wind hardware,Mechanical rain collector; verify exact bundle,Verify against the exact current SA9/SA9 Plus manual,Verify against the exact current SA9/SA9 Plus manual,Large 8.5-inch color LCD,"2.4 GHz Wi-Fi, Bluetooth-assisted setup, Weatherseed, and Weather Underground path",Limited compared with mature enthusiast ecosystems,Not included,UV and sunlight included,Large display and unusually broad measurement checklist for the money,"Variant confusion, one-year warranty, and weaker long-term parts/API/community confidence",https://wxobservation.com/sainlogic-weather-station-review/,2026-08-08
